{
  "hand": "linkerhand_l20_right",
  "ckpt_tag": "linkerhand_l20_right_2026-04-24_17-05-51_manus_l20",
  "data": "manus_data",
  "n_frames": 3591,
  "n_keypoints": 20,
  "overall": {
    "mae": 0.045604560524225235,
    "rmse": 0.0632200539112091,
    "mean_l2": 0.09961005300283432,
    "p95_l2": 0.18327533528208734,
    "max_l2": 0.22696055471897125
  },
  "per_group": {
    "thumb_chain": {
      "mae": 0.04357597604393959,
      "rmse": 0.05083637684583664,
      "mean_l2": 0.08653955906629562,
      "p95_l2": 0.11079687811434268,
      "max_l2": 0.1251899152994156
    },
    "index_chain": {
      "mae": 0.04719143733382225,
      "rmse": 0.059165749698877335,
      "mean_l2": 0.10028307884931564,
      "p95_l2": 0.13354085758328438,
      "max_l2": 0.14751885831356049
    },
    "middle_chain": {
      "mae": 0.04785998538136482,
      "rmse": 0.07086449861526489,
      "mean_l2": 0.11149714887142181,
      "p95_l2": 0.17991504967212676,
      "max_l2": 0.18658728897571564
    },
    "ring_chain": {
      "mae": 0.04424649849534035,
      "rmse": 0.06864943355321884,
      "mean_l2": 0.10372522473335266,
      "p95_l2": 0.18287995010614394,
      "max_l2": 0.2073235660791397
    },
    "little_chain": {
      "mae": 0.04514891281723976,
      "rmse": 0.06453242152929306,
      "mean_l2": 0.09600523859262466,
      "p95_l2": 0.18735262900590896,
      "max_l2": 0.22696055471897125
    }
  },
  "per_tip": {
    "thumb_chain": {
      "mae": 0.045760512351989746,
      "rmse": 0.05439973622560501,
      "mean_l2": 0.09383310377597809,
      "p95_l2": 0.10679489746689796,
      "max_l2": 0.11997911334037781
    },
    "index_chain": {
      "mae": 0.04511239752173424,
      "rmse": 0.04849028214812279,
      "mean_l2": 0.0838991031050682,
      "p95_l2": 0.08759870007634163,
      "max_l2": 0.09108881652355194
    },
    "middle_chain": {
      "mae": 0.05373991280794144,
      "rmse": 0.06028260663151741,
      "mean_l2": 0.10429691523313522,
      "p95_l2": 0.1127636581659317,
      "max_l2": 0.1312549114227295
    },
    "ring_chain": {
      "mae": 0.05927161127328873,
      "rmse": 0.07508441060781479,
      "mean_l2": 0.12985502183437347,
      "p95_l2": 0.13953237980604172,
      "max_l2": 0.17490693926811218
    },
    "little_chain": {
      "mae": 0.08356137573719025,
      "rmse": 0.10706682503223419,
      "mean_l2": 0.1854250282049179,
      "p95_l2": 0.18808146566152573,
      "max_l2": 0.22696055471897125
    }
  }
}