{
  "hand": "linkerhand_l20_right",
  "ckpt_tag": "linkerhand_l20_right_2026-04-24_19-35-22_manus_l20_fullhand",
  "data": "manus_data",
  "n_frames": 3591,
  "n_keypoints": 20,
  "overall": {
    "mae": 0.04509260505437851,
    "rmse": 0.06206940487027168,
    "mean_l2": 0.09745874255895615,
    "p95_l2": 0.18197097107768062,
    "max_l2": 0.22779080271720886
  },
  "per_group": {
    "thumb_chain": {
      "mae": 0.044039707630872726,
      "rmse": 0.04996150732040405,
      "mean_l2": 0.08500418812036514,
      "p95_l2": 0.1076057821512222,
      "max_l2": 0.1293567419052124
    },
    "index_chain": {
      "mae": 0.04833369702100754,
      "rmse": 0.061213720589876175,
      "mean_l2": 0.10433919727802277,
      "p95_l2": 0.13297917768359183,
      "max_l2": 0.14924608170986176
    },
    "middle_chain": {
      "mae": 0.04615102708339691,
      "rmse": 0.06752660870552063,
      "mean_l2": 0.10594459623098373,
      "p95_l2": 0.17860157266259194,
      "max_l2": 0.18102020025253296
    },
    "ring_chain": {
      "mae": 0.04328005760908127,
      "rmse": 0.06516500562429428,
      "mean_l2": 0.09805058687925339,
      "p95_l2": 0.1849455967545509,
      "max_l2": 0.20166873931884766
    },
    "little_chain": {
      "mae": 0.04365849867463112,
      "rmse": 0.06491120159626007,
      "mean_l2": 0.0939551368355751,
      "p95_l2": 0.2216370739042759,
      "max_l2": 0.22779080271720886
    }
  },
  "per_tip": {
    "thumb_chain": {
      "mae": 0.049743589013814926,
      "rmse": 0.055539608001708984,
      "mean_l2": 0.09558732807636261,
      "p95_l2": 0.11444377899169922,
      "max_l2": 0.1293567419052124
    },
    "index_chain": {
      "mae": 0.047666095197200775,
      "rmse": 0.054450035095214844,
      "mean_l2": 0.093859001994133,
      "p95_l2": 0.10298118740320206,
      "max_l2": 0.10674358904361725
    },
    "middle_chain": {
      "mae": 0.052871715277433395,
      "rmse": 0.056481242179870605,
      "mean_l2": 0.0972365140914917,
      "p95_l2": 0.11862451583147049,
      "max_l2": 0.137686088681221
    },
    "ring_chain": {
      "mae": 0.05714764818549156,
      "rmse": 0.07085465639829636,
      "mean_l2": 0.1185518279671669,
      "p95_l2": 0.15412749350070953,
      "max_l2": 0.1652814745903015
    },
    "little_chain": {
      "mae": 0.08284500241279602,
      "rmse": 0.11268466711044312,
      "mean_l2": 0.19228698313236237,
      "p95_l2": 0.2241014912724495,
      "max_l2": 0.22779080271720886
    }
  }
}