{
  "hand": "linkerhand_l20_right",
  "ckpt_tag": "linkerhand_l20_right_last",
  "data": "manus_data",
  "n_frames": 3591,
  "n_keypoints": 20,
  "overall": {
    "mae": 0.04497063159942627,
    "rmse": 0.06144455820322037,
    "mean_l2": 0.09674549847841263,
    "p95_l2": 0.1776309832930565,
    "max_l2": 0.22798936069011688
  },
  "per_group": {
    "thumb_chain": {
      "mae": 0.04416270926594734,
      "rmse": 0.05018826574087143,
      "mean_l2": 0.08534128963947296,
      "p95_l2": 0.10768757499754429,
      "max_l2": 0.1257535070180893
    },
    "index_chain": {
      "mae": 0.048465546220541,
      "rmse": 0.06146398186683655,
      "mean_l2": 0.10479801148176193,
      "p95_l2": 0.13285336270928383,
      "max_l2": 0.14932319521903992
    },
    "middle_chain": {
      "mae": 0.04594286531209946,
      "rmse": 0.06692797690629959,
      "mean_l2": 0.10491630434989929,
      "p95_l2": 0.17766138315200805,
      "max_l2": 0.18041281402111053
    },
    "ring_chain": {
      "mae": 0.04256457835435867,
      "rmse": 0.06174895167350769,
      "mean_l2": 0.0939246267080307,
      "p95_l2": 0.1742068640887737,
      "max_l2": 0.19383986294269562
    },
    "little_chain": {
      "mae": 0.04371744766831398,
      "rmse": 0.06548433750867844,
      "mean_l2": 0.09474728256464005,
      "p95_l2": 0.22193683236837386,
      "max_l2": 0.22798936069011688
    }
  },
  "per_tip": {
    "thumb_chain": {
      "mae": 0.049705713987350464,
      "rmse": 0.05564539134502411,
      "mean_l2": 0.09575233608484268,
      "p95_l2": 0.11202073469758034,
      "max_l2": 0.1257535070180893
    },
    "index_chain": {
      "mae": 0.04775561764836311,
      "rmse": 0.05480840802192688,
      "mean_l2": 0.09449700266122818,
      "p95_l2": 0.1021716482937336,
      "max_l2": 0.10537802428007126
    },
    "middle_chain": {
      "mae": 0.052336107939481735,
      "rmse": 0.0551527664065361,
      "mean_l2": 0.09516686201095581,
      "p95_l2": 0.1087852381169796,
      "max_l2": 0.12702621519565582
    },
    "ring_chain": {
      "mae": 0.054477546364068985,
      "rmse": 0.0647091343998909,
      "mean_l2": 0.10856136679649353,
      "p95_l2": 0.1426514834165573,
      "max_l2": 0.1553746908903122
    },
    "little_chain": {
      "mae": 0.08256374299526215,
      "rmse": 0.11378423869609833,
      "mean_l2": 0.19398106634616852,
      "p95_l2": 0.22491421550512314,
      "max_l2": 0.22798936069011688
    }
  }
}