{
  "hand": "linkerhand_l20_right",
  "ckpt_tag": "manus_l20_fullhand",
  "data": "manus_data",
  "n_frames": 3591,
  "n_keypoints": 20,
  "overall": {
    "mae": 0.044972117990255356,
    "rmse": 0.06208279728889465,
    "mean_l2": 0.09735282510519028,
    "p95_l2": 0.18470105156302452,
    "max_l2": 0.22678185999393463
  },
  "per_group": {
    "thumb_chain": {
      "mae": 0.043813906610012054,
      "rmse": 0.049645427614450455,
      "mean_l2": 0.08456166833639145,
      "p95_l2": 0.10546194314956664,
      "max_l2": 0.12903036177158356
    },
    "index_chain": {
      "mae": 0.04822905361652374,
      "rmse": 0.06108332425355911,
      "mean_l2": 0.10410483926534653,
      "p95_l2": 0.13303475752472874,
      "max_l2": 0.14929081499576569
    },
    "middle_chain": {
      "mae": 0.04608386382460594,
      "rmse": 0.06771270185709,
      "mean_l2": 0.10621873289346695,
      "p95_l2": 0.17891433835029602,
      "max_l2": 0.1807193160057068
    },
    "ring_chain": {
      "mae": 0.043300628662109375,
      "rmse": 0.06580113619565964,
      "mean_l2": 0.09856372326612473,
      "p95_l2": 0.18744167163968087,
      "max_l2": 0.20289844274520874
    },
    "little_chain": {
      "mae": 0.04343313351273537,
      "rmse": 0.06450369954109192,
      "mean_l2": 0.09331516176462173,
      "p95_l2": 0.22103259041905404,
      "max_l2": 0.22678185999393463
    }
  },
  "per_tip": {
    "thumb_chain": {
      "mae": 0.04940652847290039,
      "rmse": 0.05506431311368942,
      "mean_l2": 0.09487101435661316,
      "p95_l2": 0.11109713464975357,
      "max_l2": 0.12903036177158356
    },
    "index_chain": {
      "mae": 0.04752911254763603,
      "rmse": 0.05414929240942001,
      "mean_l2": 0.09338632225990295,
      "p95_l2": 0.10241051018238068,
      "max_l2": 0.10587871074676514
    },
    "middle_chain": {
      "mae": 0.052742693573236465,
      "rmse": 0.056638870388269424,
      "mean_l2": 0.09749210625886917,
      "p95_l2": 0.12201475352048874,
      "max_l2": 0.13904723525047302
    },
    "ring_chain": {
      "mae": 0.057250890880823135,
      "rmse": 0.07254941016435623,
      "mean_l2": 0.12016863375902176,
      "p95_l2": 0.1593775823712349,
      "max_l2": 0.16895268857479095
    },
    "little_chain": {
      "mae": 0.08247105777263641,
      "rmse": 0.11206190288066864,
      "mean_l2": 0.1909540593624115,
      "p95_l2": 0.22342941164970398,
      "max_l2": 0.22678185999393463
    }
  }
}